,p,lr,alpha
0,0.11133234994376133,7.70115541409539e-05,0.3247377728832132
