,gamma,alpha,lr,momentum
0,2.0219688092249664,0.1728044373106401,0.0019431948025675021,0.8835409325472647
