,lr,momentum
0,0.004069894281380741,0.3920389334098472
