,alpha,gamma,lr,momentum
0,0.5759872930898596,4.9041257542363965,0.005614595610050834,0.8127583294052086
