,gamma,lr,momentum
0,0.8257015394975119,0.004569867154202935,0.2028836309980071
