,lr,momentum
0,0.01082822330527688,0.49588508625284305
