,gamma,alpha,lr,momentum
0,3.4208670578026905,0.4031422891026668,0.0054802733399826895,0.8318708003341944
